Nome Ingles,Nome Portugues,Quantidade,Tipo,Custo,Mana,Bota,Ataque,Clank,Pontos,Moedas,Nota,Imagem
Sneak,,2,Carta Azul,2,1,1,0,-2,0,0,-2 Clank. 1 mana e 1 bota,https://cf.geekdo-images.com/6pmn-H7o1-2s-BRCDF-TFQ__imagepagezoom/img/6QcF9zYrQEn0bOyr_J0mP6jlTNU=/fit-in/1200x900/filters:no_upscale():strip_icc()/pic3221175.jpg
Move Silently,,2,Carta Azul,3,0,2,0,-2,0,0,-2 Clank. 2 Botas.,
Elven Cloak,Capa Elfica,1,Carta Azul,4,1,0,0,-2,2,0,-2 Clank. Puxe uma carta.,https://cf.geekdo-images.com/Aw9EiH-KPr0M26Kfxb6_kA__imagepagezoom/img/JyP-P257N3hAcX_6hmW_5zxUN-o=/fit-in/1200x900/filters:no_upscale():strip_icc()/pic3221181.jpg
Singing Sword,,1,Carta Azul,5,3,0,2,1,2,0,"1 Clank. Ao revelar, ataque do Dragão.",https://cf.geekdo-images.com/Aw9EiH-KPr0M26Kfxb6_kA__imagepagezoom/img/JyP-P257N3hAcX_6hmW_5zxUN-o=/fit-in/1200x900/filters:no_upscale():strip_icc()/pic3221181.jpg
Lucky Coin,,2,Carta Azul,1,1,0,0,1,1,0,1 Clank. Puxe uma carta
Underwolrd Dealing,,1,Carta Azul,1,0,0,0,0,0,0,1 Moeda OU gaste 7 moedas para comprar 2 Tomos Secreto.,https://cf.geekdo-images.com/NNd-sar6zMEJUMBjeIX92Q__imagepagezoom/img/C2to7kR6F4pfp7Eq1oeku7LM5EE=/fit-in/1200x900/filters:no_upscale():strip_icc()/pic3221182.jpg
Dead Run,,2,Carta Azul,3,0,2,0,2,0,0,2 clank. Você não precisa parar em Caverna de Cristais esse turno https://cf.geekdo-images.com/6pmn-H7o1-2s-BRCDF-TFQ__imagepagezoom/img/6QcF9zYrQEn0bOyr_J0mP6jlTNU=/fit-in/1200x900/filters:no_upscale():strip_icc()/pic3221175.jpg
Pickaxe,,2,Carta Azul,4,0,0,2,0,0,2,"2 Moedas, 2 Ataque.",
Boots of Swiftness,,1,Carta Azul,5,0,3,0,0,3,0,"3 Bota. Ao adquirir, +1 Bota",https://cf.geekdo-images.com/NNd-sar6zMEJUMBjeIX92Q__imagepagezoom/img/C2to7kR6F4pfp7Eq1oeku7LM5EE=/fit-in/1200x900/filters:no_upscale():strip_icc()/pic3221182.jpg
Silver Spear,,2,Carta Azul,3,0,0,3,0,2,0,"3 de Ataque. Ao adquirir, +1 Ataque.",https://cf.geekdo-images.com/-6TRzEQ6_WNUDRjfTGxbSw__imagepagezoom/img/mu_aKn6wojzN9t8P2fG_SeQC2L8=/fit-in/1200x900/filters:no_upscale():strip_icc()/pic3221179.jpg
Scepter of the Ape Lord,,1,Carta Azul,3,3,0,0,3,3,0,3 Mana. +3 Clank.,https://cf.geekdo-images.com/-6TRzEQ6_WNUDRjfTGxbSw__imagepagezoom/img/mu_aKn6wojzN9t8P2fG_SeQC2L8=/fit-in/1200x900/filters:no_upscale():strip_icc()/pic3221179.jpg
Treasure Map,,1,Carta Azul,6,0,0,0,0,0,5,5 Moedas,https://cf.geekdo-images.com/-6TRzEQ6_WNUDRjfTGxbSw__imagepagezoom/img/mu_aKn6wojzN9t8P2fG_SeQC2L8=/fit-in/1200x900/filters:no_upscale():strip_icc()/pic3221179.jpg
Crown,Coroa,3,Mercadoria,7,0,0,0,0,,0,"A primeira vale 10, a segunda vale 9 e a terceira vale 8",https://cf.geekdo-images.com/ljfSENxBXGdtwiHkuaG5rg__imagepagezoom/img/UlszRvDMPYLwst_WFMzjhWSfjgo=/fit-in/1200x900/filters:no_upscale():strip_icc()/pic3221157.jpg
Amulet of Vigor,,1,Carta Azul,7,4,0,0,0,3,0,"Ao adquirir, ganhe 1 coração.",
Ring,Anel,1,Artefato,0,0,0,0,0,5,0,"Artefato, Anda 1 casa no Ataque do Dragão",https://cf.geekdo-images.com/ljfSENxBXGdtwiHkuaG5rg__imagepagezoom/img/UlszRvDMPYLwst_WFMzjhWSfjgo=/fit-in/1200x900/filters:no_upscale():strip_icc()/pic3221157.jpg
Banana,Banana,1,Artefato,0,0,0,0,0,15,0,"Artefato, Anda 1 casa no Ataque do Dragão",https://cf.geekdo-images.com/ljfSENxBXGdtwiHkuaG5rg__imagepagezoom/img/UlszRvDMPYLwst_WFMzjhWSfjgo=/fit-in/1200x900/filters:no_upscale():strip_icc()/pic3221157.jpg
Shield,Escudo,1,Artefato,0,0,0,0,0,20,0,"Artefato, Anda 1 casa no Ataque do Dragão",https://cf.geekdo-images.com/ljfSENxBXGdtwiHkuaG5rg__imagepagezoom/img/UlszRvDMPYLwst_WFMzjhWSfjgo=/fit-in/1200x900/filters:no_upscale():strip_icc()/pic3221157.jpg
Armor,Armadura,1,Artefato,0,0,0,0,0,25,0,"Artefato, Anda 1 casa no Ataque do Dragão",https://cf.geekdo-images.com/ljfSENxBXGdtwiHkuaG5rg__imagepagezoom/img/UlszRvDMPYLwst_WFMzjhWSfjgo=/fit-in/1200x900/filters:no_upscale():strip_icc()/pic3221157.jpg
Vase,Vaso,1,Artefato,0,0,0,0,0,10,0,"Artefato, Anda 1 casa no Ataque do Dragão",https://cf.geekdo-images.com/ljfSENxBXGdtwiHkuaG5rg__imagepagezoom/img/UlszRvDMPYLwst_WFMzjhWSfjgo=/fit-in/1200x900/filters:no_upscale():strip_icc()/pic3221157.jpg
Orb,Orbe,1,Artefato,0,0,0,0,0,30,0,"Artefato, Anda 1 casa no Ataque do Dragão",https://cf.geekdo-images.com/ljfSENxBXGdtwiHkuaG5rg__imagepagezoom/img/UlszRvDMPYLwst_WFMzjhWSfjgo=/fit-in/1200x900/filters:no_upscale():strip_icc()/pic3221157.jpg
Cross,Cruz,1,Artefato,0,0,0,0,0,7,0,"Artefato, Anda 1 casa no Ataque do Dragão",https://cf.geekdo-images.com/ljfSENxBXGdtwiHkuaG5rg__imagepagezoom/img/UlszRvDMPYLwst_WFMzjhWSfjgo=/fit-in/1200x900/filters:no_upscale():strip_icc()/pic3221157.jpg
,Cálice,3,Bonus Grande,0,0,0,0,0,7,0,"Bonus grande encontrado nas câmaras. Câmaras com bonus grande tem 1 bonus aleatório.  Uso único, pode ser usado em qualquer rodada na vez do jogador.",https://cf.geekdo-images.com/ljfSENxBXGdtwiHkuaG5rg__imagepagezoom/img/UlszRvDMPYLwst_WFMzjhWSfjgo=/fit-in/1200x900/filters:no_upscale():strip_icc()/pic3221157.jpg
,Moeda +5,2,Bonus Grande,0,0,0,0,0,0,5,"Bonus grande encontrado nas câmaras. Câmaras com bonus grande tem 1 bonus aleatório.  Uso único, pode ser usado em qualquer rodada na vez do jogador.",https://cf.geekdo-images.com/ljfSENxBXGdtwiHkuaG5rg__imagepagezoom/img/UlszRvDMPYLwst_WFMzjhWSfjgo=/fit-in/1200x900/filters:no_upscale():strip_icc()/pic3221157.jpg
,Cura +2,2,Bonus Grande,0,0,0,0,0,0,0,"Bonus grande encontrado nas câmaras. Câmaras com bonus grande tem 1 bonus aleatório.  Uso único, pode ser usado em qualquer rodada na vez do jogador.",https://cf.geekdo-images.com/ljfSENxBXGdtwiHkuaG5rg__imagepagezoom/img/UlszRvDMPYLwst_WFMzjhWSfjgo=/fit-in/1200x900/filters:no_upscale():strip_icc()/pic3221157.jpg
,Mana +5,2,Bonus Grande,0,5,0,0,0,0,0,"Bonus grande encontrado nas câmaras. Câmaras com bonus grande tem 1 bonus aleatório.  Uso único, pode ser usado em qualquer rodada na vez do jogador.",https://cf.geekdo-images.com/ljfSENxBXGdtwiHkuaG5rg__imagepagezoom/img/UlszRvDMPYLwst_WFMzjhWSfjgo=/fit-in/1200x900/filters:no_upscale():strip_icc()/pic3221157.jpg
,Cartas + 3,2,Bonus Grande,0,0,0,0,0,0,0,"Bonus grande encontrado nas câmaras. Câmaras com bonus grande tem 1 bonus aleatório.  Uso único, pode ser usado em qualquer rodada na vez do jogador. Pode puxar 3 cartas",https://cf.geekdo-images.com/ljfSENxBXGdtwiHkuaG5rg__imagepagezoom/img/UlszRvDMPYLwst_WFMzjhWSfjgo=/fit-in/1200x900/filters:no_upscale():strip_icc()/pic3221157.jpg
Dragon Egg,Ovo de Dragão,3,Bonus Pequeno,0,0,0,0,0,3,0,Bonus pequeno encontrado nas câmaras. Câmaras com bonus pequeno tem 2 bonus aleatórios. Anda 1 casa de Ataque do Dragão,https://cf.geekdo-images.com/ljfSENxBXGdtwiHkuaG5rg__imagepagezoom/img/UlszRvDMPYLwst_WFMzjhWSfjgo=/fit-in/1200x900/filters:no_upscale():strip_icc()/pic3221157.jpg
Cure +1,Cura +1 ,3,Bonus Pequeno,0,0,0,0,0,0,0,"Bonus pequeno encontrado nas câmaras. Câmaras com bonus pequeno tem 2 bonus aleatórios. Uso único, pode ser usado em qualquer rodada na vez do jogador.",https://cf.geekdo-images.com/ljfSENxBXGdtwiHkuaG5rg__imagepagezoom/img/UlszRvDMPYLwst_WFMzjhWSfjgo=/fit-in/1200x900/filters:no_upscale():strip_icc()/pic3221157.jpg
Attack +2,Ataque +2,2,Bonus Pequeno,0,0,0,2,0,0,0,"Bonus pequeno encontrado nas câmaras. Câmaras com bonus pequeno tem 2 bonus aleatórios. Uso único, pode ser usado em qualquer rodada na vez do jogador.",https://cf.geekdo-images.com/ljfSENxBXGdtwiHkuaG5rg__imagepagezoom/img/UlszRvDMPYLwst_WFMzjhWSfjgo=/fit-in/1200x900/filters:no_upscale():strip_icc()/pic3221157.jpg
Boot +1,Bota +1,2,Bonus Pequeno,0,0,1,0,0,0,0,"Bonus pequeno encontrado nas câmaras. Câmaras com bonus pequeno tem 2 bonus aleatórios. Uso único, pode ser usado em qualquer rodada na vez do jogador.",https://cf.geekdo-images.com/ljfSENxBXGdtwiHkuaG5rg__imagepagezoom/img/UlszRvDMPYLwst_WFMzjhWSfjgo=/fit-in/1200x900/filters:no_upscale():strip_icc()/pic3221157.jpg
Mana +2,Mana +2,2,Bonus Pequeno,0,2,0,0,0,0,0,"Bonus pequeno encontrado nas câmaras. Câmaras com bonus pequeno tem 2 bonus aleatórios. Uso único, pode ser usado em qualquer rodada na vez do jogador.",https://cf.geekdo-images.com/ljfSENxBXGdtwiHkuaG5rg__imagepagezoom/img/UlszRvDMPYLwst_WFMzjhWSfjgo=/fit-in/1200x900/filters:no_upscale():strip_icc()/pic3221157.jpg
Coin +2,Moeda +2,2,Bonus Pequeno,0,0,0,0,0,0,2,"Bonus pequeno encontrado nas câmaras. Câmaras com bonus pequeno tem 2 bonus aleatórios. Uso único, pode ser usado em qualquer rodada na vez do jogador.",https://cf.geekdo-images.com/ljfSENxBXGdtwiHkuaG5rg__imagepagezoom/img/UlszRvDMPYLwst_WFMzjhWSfjgo=/fit-in/1200x900/filters:no_upscale():strip_icc()/pic3221157.jpg
Search,,2,Carta Azul,4,2,1,0,0,0,0,"Cada vez que você ganhar ouro esse turno, ganhe +1 ouro.",https://cf.geekdo-images.com/fuQQoMLLqjsddzeZpLN3qA__imagepagezoom/img/H3jmO6DfB3q0VMxl-gXxL_-sw-c=/fit-in/1200x900/filters:no_upscale():strip_icc()/pic3221176.jpg
Ladder,,2,Carta Dispositivo,3,0,2,0,0,0,0,"Carta Dispositivo. Ao adquirir, é obrigado usar imediatamente. Uso único, após uso é descartada",https://cf.geekdo-images.com/WUJuFjVfln4zLqKTKmk4JQ__imagepagezoom/img/aW-9D63EBzMUiHkA914d6ZmsahQ=/fit-in/1200x900/filters:no_upscale():strip_icc()/pic3221170.jpg
Shrine,,3,Carta Dispositivo,2,0,0,0,0,0,0,"Carta Dispositivo. Ao adquirir, é obrigado usar imediatamente. Uso único, após uso é descartada. Ao revelar: Coloque 3 cubos do dragão de volta no saco. Uso: 1 moeda OU 1 coração",https://cf.geekdo-images.com/WUJuFjVfln4zLqKTKmk4JQ__imagepagezoom/img/aW-9D63EBzMUiHkA914d6ZmsahQ=/fit-in/1200x900/filters:no_upscale():strip_icc()/pic3221170.jpg
Dragon Shine,,2,Carta Dispositivo,4,0,0,0,0,0,0,"Carta Dispositivo. Ao adquirir, é obrigado usar imediatamente. Uso único, após uso é descartada. Efeito: 2 Moedas OU Jogue uma carta fora da sua mão ou do seu descarte. Ao ter ataque do dragão,  puxe 1 cubo a mais que o que seria tirado.",https://cf.geekdo-images.com/WUJuFjVfln4zLqKTKmk4JQ__imagepagezoom/img/aW-9D63EBzMUiHkA914d6ZmsahQ=/fit-in/1200x900/filters:no_upscale():strip_icc()/pic3221170.jpg
The Vault,,1,Carta Dispositivo,3,0,0,0,3,0,5,"Carta Dispositivo. Ao adquirir, é obrigado usar imediatamente. Uso único, após uso é descartada. Só pode ser adquirida nas profundesas. Uso: 5 Moedas + 3 Clanks. Ao revelar, ataque do dragão",https://cf.geekdo-images.com/WUJuFjVfln4zLqKTKmk4JQ__imagepagezoom/img/aW-9D63EBzMUiHkA914d6ZmsahQ=/fit-in/1200x900/filters:no_upscale():strip_icc()/pic3221170.jpg
Teleporter,,2,Carta Dispositivo,4,0,0,0,0,0,0,"Carta Dispositivo. Ao adquirir, é obrigado usar imediatamente. Uso único, após uso é descartada. Uso: Teleporta para uma câmara adjacente.",https://cf.geekdo-images.com/WUJuFjVfln4zLqKTKmk4JQ__imagepagezoom/img/aW-9D63EBzMUiHkA914d6ZmsahQ=/fit-in/1200x900/filters:no_upscale():strip_icc()/pic3221170.jpg
Explore,Explorar,15,Carta Amarela,3,2,1,0,0,0,0,Carta sempre disponível,https://cf.geekdo-images.com/0agjvTNHqzfOuWYYxERJEg__imagepagezoom/img/sp3ftKUkBT08ARLinaqM1w29IhY=/fit-in/1200x900/filters:no_upscale():strip_icc()/pic3221166.jpg
Mercenary,Mercenário,15,Carta Amarela,2,1,0,2,0,0,0,Carta sempre disponível,https://cf.geekdo-images.com/NNd-sar6zMEJUMBjeIX92Q__imagepagezoom/img/C2to7kR6F4pfp7Eq1oeku7LM5EE=/fit-in/1200x900/filters:no_upscale():strip_icc()/pic3221182.jpg
Secret Tome,Tomo Secreto,12,Carta Amarela,7,0,0,0,0,7,0,Carta sempre disponível,https://cf.geekdo-images.com/0agjvTNHqzfOuWYYxERJEg__imagepagezoom/img/sp3ftKUkBT08ARLinaqM1w29IhY=/fit-in/1200x900/filters:no_upscale():strip_icc()/pic3221166.jpg
Tunnel Guide,,2,Carta Azul Companheiro,1,0,1,1,0,1,0,Companheiro.,https://cf.geekdo-images.com/QSpun2WtgaAAu_ik-kzntA__imagepagezoom/img/Mt7SeIom755mJukk7Btpd-o-Ihg=/fit-in/1200x900/filters:no_upscale():strip_icc()/pic3221173.jpg
Gem Collector,,1,Carta Azul,4,2,0,0,-2,2,0,Companheiro. -2 Clank!. Gemas custam -2 nesse turno.,https://cf.geekdo-images.com/QSpun2WtgaAAu_ik-kzntA__imagepagezoom/img/Mt7SeIom755mJukk7Btpd-o-Ihg=/fit-in/1200x900/filters:no_upscale():strip_icc()/pic3221173.jpg
Invoker of the Ancients,,1,Carta Azul Companheiro,4,0,0,0,1,1,0,Companheiro. +1 Clank. Teleporte para uma câmara adjacente.,https://cf.geekdo-images.com/V5LEmNUCD70372TTDMIRGA__imagepagezoom/img/BS0wK3xuaBb8pTwF8nF-w1UWVRk=/fit-in/1200x900/filters:no_upscale():strip_icc()/pic3221171.jpg
Kobold Merchant,,1,Carta Azul Companheiro,3,0,0,0,0,1,2,"Companheiro. +2 Moedas. Se você tem um artefato, a carta vale +2 mana.",https://cf.geekdo-images.com/V5LEmNUCD70372TTDMIRGA__imagepagezoom/img/BS0wK3xuaBb8pTwF8nF-w1UWVRk=/fit-in/1200x900/filters:no_upscale():strip_icc()/pic3221171.jpg
Rebel Miner,,1,Carta Azul Companheiro,2,0,0,0,0,1,2,"Companheiro. +2 moedas. Se você tem um companheiro na área de jogo, puxe uma carta",https://cf.geekdo-images.com/9wvrDzLHGy1CMQ2ozvjKeQ__imagepagezoom/img/mmdfQa8-YCFbjzYhj93wVmJy2EI=/fit-in/1200x900/filters:no_upscale():strip_icc()/pic3221172.jpg
Monkey Bot 3000,,1,Carta Azul,5,0,0,0,3,1,0,"Companheiro. +3 Clank. Puxe 3 Cartas. Ao revelar, ataque do dragão.",https://cf.geekdo-images.com/vDemtbl1syIimLb9zF8Avw__imagepagezoom/img/WiRG9gOozXZdpr3WRLUaIZJaXrc=/fit-in/1200x900/filters:no_upscale():strip_icc()/pic3221174.jpg
Cleric of the sun,,2,Carta Azul Companheiro,3,2,0,1,0,1,0,"Companheiro. Ao adquirir, ganhe 1 coração.",https://cf.geekdo-images.com/V5LEmNUCD70372TTDMIRGA__imagepagezoom/img/BS0wK3xuaBb8pTwF8nF-w1UWVRk=/fit-in/1200x900/filters:no_upscale():strip_icc()/pic3221171.jpg
Apothecary,,1,Carta Azul Companheiro,3,0,0,0,0,2,0,Companheiro. Descarte uma carta para escolher um dos seguintes: +3 ataque OU +2 moedas OU +1 Coração,https://cf.geekdo-images.com/QSpun2WtgaAAu_ik-kzntA__imagepagezoom/img/Mt7SeIom755mJukk7Btpd-o-Ihg=/fit-in/1200x900/filters:no_upscale():strip_icc()/pic3221173.jpg
Dwarven Peddler,,1,Carta Azul Companheiro,4,0,1,0,0,0,2,"Companheiro. Ganhe 2 moedas. Vale 4 pontos se você tem pelo menos 2 dos seguintes: Cálice, Ovo de Dragão e Idolo do macaco.",https://cf.geekdo-images.com/V5LEmNUCD70372TTDMIRGA__imagepagezoom/img/BS0wK3xuaBb8pTwF8nF-w1UWVRk=/fit-in/1200x900/filters:no_upscale():strip_icc()/pic3221171.jpg
Master Burglar,,2,Carta Azul Companheiro,3,2,0,0,0,2,0,Companheiro. Jogue um Burgle da sua mão ou descarte para o lixo.,https://cf.geekdo-images.com/V5LEmNUCD70372TTDMIRGA__imagepagezoom/img/BS0wK3xuaBb8pTwF8nF-w1UWVRk=/fit-in/1200x900/filters:no_upscale():strip_icc()/pic3221171.jpg
Mister Whiskers,,1,Carta Azul,1,0,0,0,0,1,0,"Companheiro. O Dragão ataca OU -2 Clank. Ao revelar, ataque do dragão.",
Archaelogist,,2,Carta Azul Companheiro,2,0,0,0,0,1,0,"Companheiro. Puxe uma carta. Se você possui um ídolo do macaco, +2 de mana",https://cf.geekdo-images.com/V5LEmNUCD70372TTDMIRGA__imagepagezoom/img/BS0wK3xuaBb8pTwF8nF-w1UWVRk=/fit-in/1200x900/filters:no_upscale():strip_icc()/pic3221171.jpg
The Queen of Hearts,,1,Carta Azul,6,3,0,1,0,3,0,"Companheiro. Se tiver uma coroa, A carta vale +1 Coração.",
Rebel Captain,,1,Carta Azul Companheiro,3,2,0,0,0,1,0,"Companheiro. Se você tem um companheiro na área de jogo, puxe uma carta",https://cf.geekdo-images.com/9wvrDzLHGy1CMQ2ozvjKeQ__imagepagezoom/img/mmdfQa8-YCFbjzYhj93wVmJy2EI=/fit-in/1200x900/filters:no_upscale():strip_icc()/pic3221172.jpg
Rebel Scout,,1,Carta Azul Companheiro,3,0,2,0,0,1,0,"Companheiro. Se você tem um companheiro na área de jogo, puxe uma carta",
Rebel Soldier,,1,Carta Azul Companheiro,2,0,0,2,0,1,0,"Companheiro. Se você tem um companheiro na área de jogo, puxe uma carta",https://cf.geekdo-images.com/9wvrDzLHGy1CMQ2ozvjKeQ__imagepagezoom/img/mmdfQa8-YCFbjzYhj93wVmJy2EI=/fit-in/1200x900/filters:no_upscale():strip_icc()/pic3221172.jpg
Treasure Hunter,,2,Carta Azul Companheiro,3,2,0,2,0,1,0,"Companheiro. Troque uma carta na loja de cartas. Se a nova carta tiver Ataque do Dragão, ignore o ataque.",https://cf.geekdo-images.com/9wvrDzLHGy1CMQ2ozvjKeQ__imagepagezoom/img/mmdfQa8-YCFbjzYhj93wVmJy2EI=/fit-in/1200x900/filters:no_upscale():strip_icc()/pic3221172.jpg
The Mountain King,,1,Carta Azul,6,2,1,1,0,3,0,"Companheiro. Vale +1 Ataque e +1 Bota. Se tiver uma coroa, vale +2 Ataque e +2 bota.",
The Duke,,1,Carta Azul Companheiro,5,2,0,2,0,0,0,Companheiro. Vale +1 ponto por cada 5 moedas que você tiver.,https://cf.geekdo-images.com/9wvrDzLHGy1CMQ2ozvjKeQ__imagepagezoom/img/mmdfQa8-YCFbjzYhj93wVmJy2EI=/fit-in/1200x900/filters:no_upscale():strip_icc()/pic3221172.jpg
Wizard,,1,Carta Azul Companheiro,6,3,0,0,0,0,0,Companheiro. Vale +2 Pontos para cada Tomo Secreto que você tem,https://cf.geekdo-images.com/QSpun2WtgaAAu_ik-kzntA__imagepagezoom/img/Mt7SeIom755mJukk7Btpd-o-Ihg=/fit-in/1200x900/filters:no_upscale():strip_icc()/pic3221173.jpg
Scramble,,4,Carta Cinza Inicial,0,1,1,0,0,0,0,Deck inicial começa com 1,https://cf.geekdo-images.com/AvLJox5zPBV3M7yR8SxIkg__imagepagezoom/img/27IlkjCAvHcUo8k9ZXQ9oLQy0XU=/fit-in/1200x900/filters:no_upscale():strip_icc()/pic3221167.jpg
Sidestep,Contornar,4,Carta Cinza Inicial,0,0,1,0,0,0,0,Deck inicial começa com 1,https://cf.geekdo-images.com/AvLJox5zPBV3M7yR8SxIkg__imagepagezoom/img/27IlkjCAvHcUo8k9ZXQ9oLQy0XU=/fit-in/1200x900/filters:no_upscale():strip_icc()/pic3221167.jpg
Stumble,Tropecar,8,Carta Cinza Inicial,0,0,0,0,1,0,0,Deck Inicial começa com 2,https://cf.geekdo-images.com/AvLJox5zPBV3M7yR8SxIkg__imagepagezoom/img/27IlkjCAvHcUo8k9ZXQ9oLQy0XU=/fit-in/1200x900/filters:no_upscale():strip_icc()/pic3221167.jpg
Burgle,Roubar,24,Carta Cinza Inicial,0,1,0,0,0,0,0,Deck Inicial começa com 6,https://cf.geekdo-images.com/0agjvTNHqzfOuWYYxERJEg__imagepagezoom/img/sp3ftKUkBT08ARLinaqM1w29IhY=/fit-in/1200x900/filters:no_upscale():strip_icc()/pic3221166.jpg
Sleight of Hand,Prestidigitação,2,Carta Azul,2,0,0,0,0,0,0,Descarte uma carta para comprar duas cartas,https://cf.geekdo-images.com/fuQQoMLLqjsddzeZpLN3qA__imagepagezoom/img/H3jmO6DfB3q0VMxl-gXxL_-sw-c=/fit-in/1200x900/filters:no_upscale():strip_icc()/pic3221176.jpg
Diamond,,1,Carta Azul Gema,8,0,0,0,0,8,0,"Gema. Ao adquirir, adicione 2 Clank. Puxe uma carta. Ao revelar, Ataque do dragão.",
Emerald,,2,Carta Azul,5,0,0,0,0,5,0,"Gema. Ao adquirir, adicione 2 Clank. Puxe uma carta. Ao revelar, Ataque do dragão.",https://cf.geekdo-images.com/lstwobmm7DBSOGp_WYWN4w__imagepagezoom/img/oAH9mYyB4bvJFuteEE0o0_6ewUo=/fit-in/1200x900/filters:no_upscale():strip_icc()/pic3221177.jpg
Ruby,,2,Carta Azul Gema,6,0,0,0,0,6,0,"Gema. Ao adquirir, adicione 2 Clank. Puxe uma carta. Ao revelar, Ataque do dragão.",https://cf.geekdo-images.com/lstwobmm7DBSOGp_WYWN4w__imagepagezoom/img/oAH9mYyB4bvJFuteEE0o0_6ewUo=/fit-in/1200x900/filters:no_upscale():strip_icc()/pic3221177.jpg
Sapphire,,3,Carta Azul Gema,4,0,0,0,0,4,0,"Gema. Ao adquirir, adicione 2 Clank. Puxe uma carta. Ao revelar, Ataque do dragão.",
Dragon's Eye,,1,Carta Azul Gema,5,0,0,0,0,0,0,"Gema. Ao adquirir, adicione 2 Clank. Puxe uma carta. Ao revelar, Ataque do dragão. Só pode ser adquirido nas profundezas. Vale 10 pontos se tem uma moeda de maestria.",https://cf.geekdo-images.com/lstwobmm7DBSOGp_WYWN4w__imagepagezoom/img/oAH9mYyB4bvJFuteEE0o0_6ewUo=/fit-in/1200x900/filters:no_upscale():strip_icc()/pic3221177.jpg
Goblin,Goblin,1,Carta Vermelha Monstro,0,0,0,2,0,0,1,"Monstro, Nunca Expira",https://cf.geekdo-images.com/CybKiVO01LCQPzrgCgqHoA__imagepagezoom/img/gxdHjyxM6Tn8Gx5n-kg4Yo1ph_g=/fit-in/1200x900/filters:no_upscale():strip_icc()/pic3221168.jpg
Animated Door,,2,Carta Vermelha Monstro,0,0,0,1,0,0,0,"Monstro. Ao derrotar, ganha uma bota. Ao revelar, ataque do dragão.",https://cf.geekdo-images.com/CybKiVO01LCQPzrgCgqHoA__imagepagezoom/img/gxdHjyxM6Tn8Gx5n-kg4Yo1ph_g=/fit-in/1200x900/filters:no_upscale():strip_icc()/pic3221168.jpg
Kobold,,3,Carta Vermelha Monstro,0,0,0,1,0,0,0,"Monstro. Ao derrotar, ganhe 1 mana. Ao revelar, ataque do dragão puxando 1 cubo a mais que o que seria tirado.",https://cf.geekdo-images.com/CybKiVO01LCQPzrgCgqHoA__imagepagezoom/img/gxdHjyxM6Tn8Gx5n-kg4Yo1ph_g=/fit-in/1200x900/filters:no_upscale():strip_icc()/pic3221168.jpg
Cave Troll,,1,Carta Vermelha Monstro,0,0,0,4,0,0,0,"Monstro. ao derrotar, ganhe 3 moedas e puxe duas cartas. Ao revelar, ataque do dragão.",https://cf.geekdo-images.com/CybKiVO01LCQPzrgCgqHoA__imagepagezoom/img/gxdHjyxM6Tn8Gx5n-kg4Yo1ph_g=/fit-in/1200x900/filters:no_upscale():strip_icc()/pic3221168.jpg
Orc Grunt,,3,Carta Vermelha Monstro,0,0,0,2,0,0,0,"Monstro. Ao derrotar, ganhe 3 moedas. Ao revelar, ataque do dragão",https://cf.geekdo-images.com/CybKiVO01LCQPzrgCgqHoA__imagepagezoom/img/gxdHjyxM6Tn8Gx5n-kg4Yo1ph_g=/fit-in/1200x900/filters:no_upscale():strip_icc()/pic3221168.jpg
Belcher,,2,Carta Vermelha Monstro,0,0,0,2,2,0,4,"Monstro. Ao derrotar, ganhe 4 moedas e mais 2 clank!. Ao ser revelado, a ataque do dragão",https://cf.geekdo-images.com/Ngpn7N2MvdI2vQz-A78zZw__imagepagezoom/img/cEZRY-zUhdePKnUoXrK3fPIFzBs=/fit-in/1200x900/filters:no_upscale():strip_icc()/pic3221169.jpg
Ogre,,2,Carta Vermelha Monstro,0,0,0,3,0,0,0,"Monstro. ao derrotar, ganhe 5 moedas. Ao revelar, ataque do dragão.",https://cf.geekdo-images.com/CybKiVO01LCQPzrgCgqHoA__imagepagezoom/img/gxdHjyxM6Tn8Gx5n-kg4Yo1ph_g=/fit-in/1200x900/filters:no_upscale():strip_icc()/pic3221168.jpg
Crystal Golem,,2,Carta Vermelha Monstro,0,3,0,3,0,0,0,"Monstro. Pode ser derrotado apenas na Caverna de Cristal. Ao ser derrotado, o jogador ganha 3 mana",https://cf.geekdo-images.com/Ngpn7N2MvdI2vQz-A78zZw__imagepagezoom/img/cEZRY-zUhdePKnUoXrK3fPIFzBs=/fit-in/1200x900/filters:no_upscale():strip_icc()/pic3221169.jpg
Watcher,,3,Carta Vermelha Monstro,0,0,0,3,1,0,3,"Monstro. Todos os jogadores ganham 1 Clank! Ao ser derrotado, ganhe 3 moedas e todos os outros jogadores ganham 1 clank",https://cf.geekdo-images.com/Ngpn7N2MvdI2vQz-A78zZw__imagepagezoom/img/cEZRY-zUhdePKnUoXrK3fPIFzBs=/fit-in/1200x900/filters:no_upscale():strip_icc()/pic3221169.jpg
Overlord,,2,Carta Vermelha Monstro,0,0,0,2,1,0,0,"Monstro. Todos os jogadores ganham 1 Clank! Ao ser derrotado, o usuário puxa 2 cartas",https://cf.geekdo-images.com/Ngpn7N2MvdI2vQz-A78zZw__imagepagezoom/img/cEZRY-zUhdePKnUoXrK3fPIFzBs=/fit-in/1200x900/filters:no_upscale():strip_icc()/pic3221169.jpg
Flying Carpet,,1,Carta Azul,6,0,2,0,0,2,0,"Nesse turno, ignore monstros em túneis, e você não precisa parar em Cavernas de Cristais",https://cf.geekdo-images.com/Aw9EiH-KPr0M26Kfxb6_kA__imagepagezoom/img/JyP-P257N3hAcX_6hmW_5zxUN-o=/fit-in/1200x900/filters:no_upscale():strip_icc()/pic3221181.jpg
Swagger,,2,Carta Azul,2,0,1,0,0,0,0,"Para cada Clank que fizer esse turno, ganhe +1 mana",https://cf.geekdo-images.com/fuQQoMLLqjsddzeZpLN3qA__imagepagezoom/img/H3jmO6DfB3q0VMxl-gXxL_-sw-c=/fit-in/1200x900/filters:no_upscale():strip_icc()/pic3221176.jpg
Mater Key,Chave,2,Mercadoria,7,0,0,0,0,5,0,Pode abrir Portas trancadas infinitamente,https://cf.geekdo-images.com/ljfSENxBXGdtwiHkuaG5rg__imagepagezoom/img/UlszRvDMPYLwst_WFMzjhWSfjgo=/fit-in/1200x900/filters:no_upscale():strip_icc()/pic3221157.jpg
Backpacks,Mochila,2,Mercadoria,7,0,0,0,0,5,0,Pode carregar 2 Artefatos,https://cf.geekdo-images.com/ljfSENxBXGdtwiHkuaG5rg__imagepagezoom/img/UlszRvDMPYLwst_WFMzjhWSfjgo=/fit-in/1200x900/filters:no_upscale():strip_icc()/pic3221157.jpg
Bracers of Agility,,2,Carta Azul,5,0,0,0,0,2,0,Puxe 2 Cartas,https://cf.geekdo-images.com/NNd-sar6zMEJUMBjeIX92Q__imagepagezoom/img/C2to7kR6F4pfp7Eq1oeku7LM5EE=/fit-in/1200x900/filters:no_upscale():strip_icc()/pic3221182.jpg
Brilliance,,1,Carta Azul,6,0,0,0,0,0,0,Puxe 3 Cartas.,https://cf.geekdo-images.com/6pmn-H7o1-2s-BRCDF-TFQ__imagepagezoom/img/6QcF9zYrQEn0bOyr_J0mP6jlTNU=/fit-in/1200x900/filters:no_upscale():strip_icc()/pic3221175.jpg
Elven Boots,,1,Carta Azul,4,1,1,0,0,2,0,Puxe uma carta.,https://cf.geekdo-images.com/Aw9EiH-KPr0M26Kfxb6_kA__imagepagezoom/img/JyP-P257N3hAcX_6hmW_5zxUN-o=/fit-in/1200x900/filters:no_upscale():strip_icc()/pic3221181.jpg
Elven Dagger,,1,Carta Azul,4,1,0,1,0,2,0,Puxe uma carta.,https://cf.geekdo-images.com/Aw9EiH-KPr0M26Kfxb6_kA__imagepagezoom/img/JyP-P257N3hAcX_6hmW_5zxUN-o=/fit-in/1200x900/filters:no_upscale():strip_icc()/pic3221181.jpg
Mastery Token,moeda de maestria.,4,Bonus de Saída,0,0,0,0,0,20,0,"Se sair da masmorra com vida, ganha um bonus de 20 pontos.",https://cf.geekdo-images.com/ljfSENxBXGdtwiHkuaG5rg__imagepagezoom/img/UlszRvDMPYLwst_WFMzjhWSfjgo=/fit-in/1200x900/filters:no_upscale():strip_icc()/pic3221157.jpg
Wand of Recall,,2,Carta Azul,5,2,0,0,0,1,0,"Se você possui um artefato, teleporte para uma câmara Adjacente",https://cf.geekdo-images.com/-6TRzEQ6_WNUDRjfTGxbSw__imagepagezoom/img/mu_aKn6wojzN9t8P2fG_SeQC2L8=/fit-in/1200x900/filters:no_upscale():strip_icc()/pic3221179.jpg
Wand of Wind,,1,Carta Azul,6,0,0,0,0,3,0,Teleporte para uma câmara adjacente OU pegue um bônus/segredo de uma câmara adjacente,https://cf.geekdo-images.com/-6TRzEQ6_WNUDRjfTGxbSw__imagepagezoom/img/mu_aKn6wojzN9t8P2fG_SeQC2L8=/fit-in/1200x900/filters:no_upscale():strip_icc()/pic3221179.jpg
Tattle,,2,Carta Azul,3,2,0,0,0,0,0,Todos os jogadores menos o jogador da carta ganha +1 clank,https://cf.geekdo-images.com/fuQQoMLLqjsddzeZpLN3qA__imagepagezoom/img/H3jmO6DfB3q0VMxl-gXxL_-sw-c=/fit-in/1200x900/filters:no_upscale():strip_icc()/pic3221176.jpg
,Macaco Surdo,1,Idolo do macaco,0,0,0,0,0,5,0,,https://cf.geekdo-images.com/ljfSENxBXGdtwiHkuaG5rg__imagepagezoom/img/UlszRvDMPYLwst_WFMzjhWSfjgo=/fit-in/1200x900/filters:no_upscale():strip_icc()/pic3221157.jpg
,Macaco Cego,1,Idolo do macaco,0,0,0,0,0,5,0,,https://cf.geekdo-images.com/ljfSENxBXGdtwiHkuaG5rg__imagepagezoom/img/UlszRvDMPYLwst_WFMzjhWSfjgo=/fit-in/1200x900/filters:no_upscale():strip_icc()/pic3221157.jpg
,Macaco Mudo,1,Idolo do macaco,0,0,0,0,0,5,0,,https://cf.geekdo-images.com/ljfSENxBXGdtwiHkuaG5rg__imagepagezoom/img/UlszRvDMPYLwst_WFMzjhWSfjgo=/fit-in/1200x900/filters:no_upscale():strip_icc()/pic3221157.jpg
